dcterms:identifier,dcterms:title,Dokumentennummer : Sting,TestLevel,dcterms:created,
3231,Mittschiffs- und Referenzlinien,13810-1681-Q-201-000,Developer test,2022-06-07T11:43:40.177Z,
3232,Haupt- und Nebenmessleisten,13810-1683-Q-201-000,Integration test,2022-06-07T11:43:40.271Z,
3233,Allgemeine Decksausrüstung –Montageaugen; PSA Anschlagpunkte,Nicht zugewiesen,Component Test,2022-06-07T11:43:40.380Z,
3234,Rettungsmittel – Massenevakuierungssystem (VEMC),Nicht zugewiesen,System Test,2022-06-07T11:43:40.474Z,
3236,Rettungsmittel – Evakuierungstest VEMC,13810-1697-Q-601-000,Final Test,2022-06-07T11:43:40.661Z,
3235,Rettungsmittel – Integration VEMC,13810-1697-Q-301-000,Component Test,2022-06-08T10:52:49.314Z,
3237,Einrichtung Besatzungsräume – Nasszellen und Möbel,Nicht zugewiesen,Component Test,2022-06-07T11:43:40.755Z,
3238,Einrichtung Besatzungsräume –Räume einschl.- Unterkunfts- Sozialräume und Messen,13810-1700-Q-301-000,Component Test,2022-06-07T11:43:40.833Z,
3239,Sicherheitsleitsystem – Vorauslegung,Nicht zugewiesen,System Test,2022-06-07T11:43:40.927Z,
3240,Sicherheitsleitsystem – Integration,13810-1600-Q-301-000,System Test,2022-06-07T11:43:41.021Z,
3242,Einrichtung technischer Räume –Sonstige Räume,13810-1800-Q-302-000,Integration test,2022-06-07T11:43:41.192Z,
3241,Einrichtung technische Räume– Medizinische- und Wirtschaftsräume,13810-1800-Q-301-000,Integration test,2022-06-07T11:43:41.114Z,
3194,Schiffsschwingungsmessungen - Antriebsanlage,13810-0410-Q-801-230,Integration test,2022-06-22T07:59:42.147Z,
3195,Schiffsschwingungsmessungen - Schiffsstruktur,13810-0410-Q-701-230,Component Test,2022-06-22T07:59:48.564Z,
3196,Schiffsakustische Vermessung,Nicht zugewiesen,System Test,2022-06-22T07:59:52.155Z,
3197,Radarsignatur – Signaturvermessung,Nicht zugewiesen,Component Test,2022-06-23T13:20:44.064Z,
3198,Infrarotsignatur - Signaturvermessung,Nicht zugewiesen,Component Test,2022-06-22T07:59:56.807Z,
3199,Stabilitätsnachweis – Tiefgangsnachweis,Nicht zugewiesen,Developer test,2022-06-22T07:59:59.199Z,
3200,Stabilitätsnachweis – Krängungs- und Rollversuch,Nicht zugewiesen,Integration test,2022-06-22T08:00:01.757Z,
3201,Stabilitätsnachweis - Schlingerversuch,13810-0633-Q-701-200,Component Test,2022-06-22T08:00:03.803Z,
3243,Einrichtung für Schiffsicherung,13810-1830-Q-301-000,System Test,2022-06-07T11:43:41.302Z,
3203,Elektromagnetische Einflüsse –EMV Systemnachweis,13810-0652-Q-601-230,Final Test,2022-06-22T08:00:08.799Z,
3202,Elektromagnetische Einflüsse – EMV Nachweise Geräte,Nicht zugewiesen,Component Test,2022-06-22T08:00:06.127Z,
3204,(Festigkeits-) und Dichtheitsprüfung der Bunker Tanks und Zellen,13810-1074-Q-201-000,Component Test,2022-06-07T11:43:37.599Z,
3205,Tankaufmessungen – Luft-und Peilrohre sowie Bunker Tanks und Zellen,13810-1074-Q-202-230,Component Test,2022-06-07T11:43:37.693Z,
3206,Schiffskörper mit Aufbauten und Flexdeck,13810-1100-Q-201-000,System Test,2022-06-07T11:43:37.771Z,
3208,Nichtmetallische Aufbauten – Mast und Radom,13810-1400-Q-301-230,System Test,2022-06-07T11:43:37.927Z,
3207,Schiffbauliche Fundamente,13810-1190-Q-201-000,Integration test,2022-06-07T11:43:37.849Z,
3209,Unterbauten für Fernmelde- NAV Ort.- u. Elo KA - Einbau und Ausrichtung,13810-1510-Q-301-000,Integration test,2022-06-07T11:43:38.036Z,
3210,Geschützfundamente mit Bettungsebene nach dem Vergießen,Nicht zugewiesen,Integration test,2022-06-07T11:43:38.114Z,
3211,Munitionsstauung,13810-1534-Q-301-000,Component Test,2022-08-09T07:20:51.073Z,
3212,Vorrichtungen zum Eigenschutz – Komponentenprüfung Beschussschutz,13810-1590-Q-201-000,System Test,2022-06-07T11:43:38.318Z,
3213,Vorrichtungen zum Eigenschutz –Integration Beschussschutz,13810-1590-Q-301-000,Component Test,2022-06-07T11:43:38.411Z,
3214,Allgemeine Ausrüstungssysteme - Klasserelevante Anteile,13810-1600-Q-301-000,Component Test,2022-06-07T11:43:38.521Z,
3215,Allgemeine Ausrüstungssysteme - militärische Anteile,13810-1600-Q-302-000,Developer test,2022-06-07T11:43:38.614Z,
3216,Ausrüstung – wd. Türen und Luken,13810-1611-Q-201-230,Integration test,2022-07-25T12:51:04.782Z,
3217,Ausrüstung –gd. Türen,13810-1611-Q-202-230,Component Test,2022-06-07T11:43:38.833Z,
3218,Ausrüstung – Schottschiebetüren,13810-1611-Q-203-230,System Test,2022-06-07T11:43:38.927Z,
3219,Ausrüstung – Integration Schottschiebe- sowie wd. Türen und Luken,13810-1600-Q-301-000,Final Test,2022-06-07T11:43:39.021Z,
3220,Fenster und Oberlichter – Rahmen und Fensterglas,Nicht zugewiesen,Component Test,2022-06-07T11:43:39.130Z,
3221,Fenster und Oberlichter - Brückenfenster inkl. Scheibenwischer und Heizeinrichtung,13810-1600-Q-301-000,Component Test,2022-06-07T11:43:39.224Z,
3222,Leitern Tritte Podeste,Nicht zugewiesen,Component Test,2022-06-07T11:43:39.334Z,
3223,Fallreeptreppen – Elektrische Winde,Nicht zugewiesen,System Test,2022-06-07T11:43:39.427Z,
3225,Fallreepanlage,Nicht zugewiesen,System Test,2022-06-07T11:43:39.614Z,
3224,Fallreeptreppen – Mechanische Komponenten,Nicht zugewiesen,Integration test,2022-06-07T11:43:39.521Z,
3226,Takelage und Zubehör,13810-1600-Q-301-000,Integration test,2022-06-07T11:43:39.708Z,
3227,Kennzeichnung und Beschilderungen - Tiefgangsmarken,13810-1661-Q-301-000,Integration test,2022-06-07T11:43:39.802Z,
3228,Kennzeichnung und Beschilderungen - Schilder und Markierungen,13810-1661-Q-302-000,Component Test,2022-06-07T11:43:39.896Z,
3229,Isolierung – Wärme und Schallschutzisolierung,13810-1673-Q-301-230,System Test,2022-06-07T11:43:39.989Z,
3230,Isolierung -Feuerschutzisolierung,13810-1677-Q-301-230,Component Test,2022-06-07T11:43:40.067Z,
3310,Einrichtungen für Schmierstoffe –Übernahmefilter,Nicht zugewiesen,Component Test,2022-06-07T11:43:47.980Z,
3300,Drucklufteinrichtungen – Startluftkompressor inkl Steuereinheit,Nicht zugewiesen,Developer test,2022-06-07T11:43:46.937Z,
3301,Drucklufteinrichtungen – Armaturen Reduzierstationen Druckminderventile Sicherheitsventile,Nicht zugewiesen,Integration test,2022-06-07T11:43:47.031Z,
3302,Drucklufteinrichtungen,Nicht zugewiesen,Component Test,2022-06-07T11:43:47.140Z,
3303,Sonder-Kraftstoffeinrichtungen –Bootbetankungsanlage,Nicht zugewiesen,System Test,2022-06-07T11:43:47.250Z,
3304,Sonder-Kraftstoffeinrichtungen –Kraftstofftransferpumpe,Nicht zugewiesen,Final Test,2022-06-07T11:43:47.338Z,
3305,Sonder-Kraftstoffeinrichtungen –Bootbetankungssystem,Nicht zugewiesen,Component Test,2022-06-07T11:43:47.449Z,
3306,Sonder-Kraftstoffeinrichtungen –Funktion Bootbetankungssystem,Nicht zugewiesen,Component Test,2022-06-07T11:43:47.559Z,
3307,Klappen elektrisch betätigt einschließlich Schaltkasten (Klasserelevanter Anteil),Nicht zugewiesen,Component Test,2022-06-07T11:43:47.684Z,
3308,Einrichtungen für Schmierstoffe –Motorölfüllpumpe,Nicht zugewiesen,System Test,2022-06-07T11:43:47.793Z,
3309,Einrichtungen für Schmierstoffe –Altölpumpe,Nicht zugewiesen,System Test,2022-06-07T11:43:47.902Z,
3245,Sanitätseinrichtungen – Schiffslazarett und Schiffsnotlazarett,13810-Q-1850-302-000,Integration test,2022-06-07T11:43:41.505Z,
3244,Sanitätseinrichtungen - Klasserelevanter Anteil,13810-Q-1850-301-000,Integration test,2022-06-07T11:43:41.411Z,
3247,Integration Versorgungsgeräte medizinischer Gase,Nicht zugewiesen,Integration test,2022-06-07T11:43:41.708Z,
3246,Versorgungsgeräte für medizinische Gase,Nicht zugewiesen,Component Test,2022-06-07T11:43:41.614Z,
3248,Materialschutz und Decksbeläge Innendecksbeläge und -beschichtungen,13810-Q-1901-301-230,System Test,2022-06-07T11:43:41.802Z,
3249,Materialschutz und Decksbeläge Außenschiff Tanks und Außendecksbeläge,13810-Q-1900-302-000,Component Test,2022-06-07T11:43:41.896Z,
3250,Beschichtung von Bunker Tanks und Zellen,13810-1940-Q-301-000,Component Test,2022-06-07T11:43:41.989Z,
3251,Kathodischer Korrosionsschutz,13810-1950-Q-201-230,Developer test,2022-06-07T11:43:42.083Z,
3252,Ausrichten der Antriebsanlage überprüfen der Welle,13810-2064-Q-301-230,Integration test,2022-06-07T11:43:42.177Z,
3253,Standprobe der kompletten Antriebsanlage einschließlich der notwendigen Automation,13810-2064-Q-501-000,Component Test,2022-06-07T11:43:42.296Z,
3254,Funktionserprobung der kompletten Antriebsanlage mit Automation und Überwachungseinrichtung,13810-2065-Q-701-000,System Test,2022-06-07T11:43:42.406Z,
3255,Manövriereigenschaften und Geschwindigkeitsnachweise,13810-2066-Q-701-000,Final Test,2022-06-07T11:43:42.500Z,
3256,Antriebskomp. Schiff– Dieselmotor,13810-2110-Q-201-000,Component Test,2022-06-07T11:43:42.594Z,
3257,Antriebskomp. Schiff – Eignung der Stromerzeugungsaggregate,13810-3210-Q-101-000,Component Test,2022-06-07T11:43:42.687Z,
3258,Antriebskomp. Schiff – Stromerzeugungsaggregate,13810-3210-Q-301-000,Component Test,2022-06-07T11:43:42.781Z,
3259,Antriebskomp. E-Versorgung- Dieselmotor,13810-2110-Q-202-000,System Test,2022-06-07T11:43:42.875Z,
3260,Antriebskomp. E-Versorgung- Eignung der Stromerzeugungsaggregate,13810-3210-Q-102-000,System Test,2022-06-07T11:43:43.000Z,
3261,Antriebskomp. E-Versorgung-Stromerzeugungsaggregate,13810-3210-Q-302-000,Integration test,2022-06-07T11:43:43.110Z,
3262,Einrichtungen für Verbrennungsluft und Abgas,13810-2120-Q-302-000,Integration test,2022-06-07T11:43:43.219Z,
3263,Abgasanlage Schiffsantrieb – Abgasschalldämpfer,Nicht zugewiesen,Integration test,2022-06-07T11:43:43.344Z,
3185,Testfall Nr.1,1,Component Test,2022-06-07T08:33:46.407Z,
3264,Abgasanlage E-Erzeugung - Abgasschalldämpfer,Nicht zugewiesen,System Test,2022-06-07T11:43:43.437Z,
3265,Abgasreinigung - Komponenten,Nicht zugewiesen,Component Test,2022-06-07T11:43:43.547Z,
3266,Abgasreinigung - SCR Abgasbehandlungssystem,13810-2126-Q-601-000,Component Test,2022-06-07T11:43:43.641Z,
3267,Kraftstoffeinrichtungen – Kraftstoffreiniger mit Schaltschrank,Nicht zugewiesen,Developer test,2022-06-07T11:43:43.750Z,
3268,Kraftstoffeinrichtungen – Kraftstoffzubringerpumpen,Nicht zugewiesen,Integration test,2022-06-07T11:43:43.844Z,
3269,Kraftstoffeinrichtungen – Filterwasserabscheider,Nicht zugewiesen,Component Test,2022-06-07T11:43:43.937Z,
3270,Kraftstoffeinrichtungen – Kraftstoffanlage,13810-2130-Q-301-000,System Test,2022-06-07T11:43:44.047Z,
3311,Einrichtungen für Verbrauchs-stoffe Abgasreinigung – Harnstofftransferpumpe,Nicht zugewiesen,Final Test,2022-06-07T11:43:48.090Z,
3271,Motoröleinrichtungen –Schmierölseparator,Nicht zugewiesen,Component Test,2022-06-07T11:43:44.141Z,
3272,Motoöleinrichtungen – Vorschmierpumpe,Nicht zugewiesen,Component Test,2022-06-07T11:43:44.234Z,
3274,Kühlwassereinrichtungen –Plattenwärmetauscher,Nicht zugewiesen,Component Test,2022-06-07T11:43:44.437Z,
3273,Motoröleinrichtungen – Schmierölsystem,13810-2140-Q-301-000,System Test,2022-06-07T11:43:44.344Z,
3275,Kühlwassereinrichtungen – Frischkühlwasservorwärmgerät,Nicht zugewiesen,System Test,2022-06-07T11:43:44.531Z,
3276,Kühlwassereinrichtungen – Seekühlwasserpumpen,Nicht zugewiesen,Integration test,2022-06-07T11:43:44.641Z,
3277,Kühlwassereinrichtungen – Frischkühlwasseranlage,13810-2150-Q-301-000,Integration test,2022-06-07T11:43:44.734Z,
3278,Auslösestation für Schnellschlussarmaturen,Nicht zugewiesen,Integration test,2022-06-07T11:43:44.828Z,
3279,Zubehöreinrichtungen –Krananlage für GroßkomponentenAnlagenprüfung,Nicht zugewiesen,Component Test,2022-06-07T11:43:44.922Z,
3280,Zubehöreinrichtungen –Krananlage für GroßkomponentenIntegrationsprüfung,Nicht zugewiesen,System Test,2022-06-07T11:43:45.016Z,
3281,Elektrische Anlagen für Antrieb –Integration Antriebssystem,Nicht zugewiesen,Component Test,2022-06-07T11:43:45.125Z,
3282,Elektrische Anlagen für Antrieb –Schaltschrank,Nicht zugewiesen,Component Test,2022-06-07T11:43:45.219Z,
3283,Elektrische Anlagen für Antrieb –Eignung Fahrmotoren,13810-2470-Q-101-000,Developer test,2022-06-07T11:43:45.312Z,
3284,Elektrische Anlagen für Antrieb –Fahrmotoren,Nicht zugewiesen,Integration test,2022-06-07T11:43:45.406Z,
3286,Elektrische Anlagen für Antrieb –Elektrischer Bremswiderstand,Nicht zugewiesen,Component Test,2022-06-07T11:43:45.594Z,
3285,Elektrische Anlagen für Antrieb –Eignung Elektrischer Bremswiderstand,13810-2480-Q-101-000,System Test,2022-06-07T11:43:45.500Z,
3287,Wellenanlagen – Komplette Antriebs- und Wellenanlage,Nicht zugewiesen,Final Test,2022-06-07T11:43:45.687Z,
3288,Wellenanlage - Wellenausrichtung Ruderanbau,Nicht zugewiesen,Component Test,2022-06-07T11:43:45.781Z,
3289,Wellenanlage –Wellenstrang,Nicht zugewiesen,Component Test,2022-06-07T11:43:45.890Z,
3290,Wellenanlage – Lösbare Wellenkupplung,Nicht zugewiesen,Component Test,2022-06-07T11:43:45.984Z,
3291,Traglager,Nicht zugewiesen,System Test,2022-06-07T11:43:46.078Z,
3292,Drucklager,Nicht zugewiesen,System Test,2022-06-07T11:43:46.172Z,
3293,Schottabdichtung,Nicht zugewiesen,Integration test,2022-06-07T11:43:46.265Z,
3294,Schiffsvortriebsanlagen – Verstellpropelleranlage,Nicht zugewiesen,Integration test,2022-06-07T11:43:46.359Z,
3295,Schiffsvortriebsanlagen – Verstellpropellereinrichtung,Nicht zugewiesen,Integration test,2022-06-07T11:43:46.453Z,
3297,Verstellpropeller – Hydraulikmodul,Nicht zugewiesen,Component Test,2022-06-07T11:43:46.640Z,
3296,Verstellpropeller – Komponente Steuerölpumpe,Nicht zugewiesen,System Test,2022-06-07T11:43:46.547Z,
3298,Verstellpropeller – Verstelleinrichtung,Nicht zugewiesen,Component Test,2022-06-07T11:43:46.734Z,
3299,Drucklufteinrichtungen – Startluftbehälter,Nicht zugewiesen,Component Test,2022-06-07T11:43:46.828Z,
3380,Bergungs- und Ladekran – Funktion Gesamtsystem,Nicht zugewiesen,Developer test,2022-06-07T11:43:54.618Z,
3369,Ankereinrichtungen – Funktion Gesamtsystem,Nicht zugewiesen,Integration test,2022-06-07T11:43:53.587Z,
3371,Bootsaussetzvorrichtung – Integration System Motorpinasse,Nicht zugewiesen,Component Test,2022-06-07T11:43:53.774Z,
3370,Bootsaussetzvorrichtung – System Motorpinasse,Nicht zugewiesen,System Test,2022-06-07T11:43:53.681Z,
3372,Bootsaussetzvorrichtung – Funktion System Motorpinasse,Nicht zugewiesen,Final Test,2022-06-07T11:43:53.868Z,
3373,Bootsaussetzvorrichtungen –FRBs,Nicht zugewiesen,Component Test,2022-06-07T11:43:53.962Z,
3374,Bootsaussetzvorrichtungen – Installation und Integration Gesamtsysteme FRBs,Nicht zugewiesen,Component Test,2022-06-07T11:43:54.056Z,
3375,Bootsaussetzvorrichtungen –Funktion Systeme FRBs,Nicht zugewiesen,Component Test,2022-06-07T11:43:54.149Z,
3376,Vorleinenausleger – Einrichtungen für FRBs,Nicht zugewiesen,System Test,2022-06-07T11:43:54.243Z,
3377,Vorleinenausleger – Installation Systeme für FRBs,Nicht zugewiesen,System Test,2022-06-07T11:43:54.337Z,
3379,Bergungs- und Ladekran – Anlagenintegration,Nicht zugewiesen,Integration test,2022-06-07T11:43:54.509Z,
3378,Bergungs- und Ladekran – Geräteprüfung,Nicht zugewiesen,Integration test,2022-06-07T11:43:54.415Z,
3312,Spannungsabfalltest (Black-Out Test),Nicht zugewiesen,Integration test,2022-06-07T11:43:48.184Z,
3313,Bordnetzte Überwasserschiff –Fahrstromnetz 930V DC,Nicht zugewiesen,Component Test,2022-06-07T11:43:48.277Z,
3314,Bordnetze Überwasserschiff –3AC 60Hz 440V,Nicht zugewiesen,System Test,2022-08-09T11:30:10.019Z,
3315,Bordnetzte Überwasserschiff –3AC 60Hz 230V,Nicht zugewiesen,Component Test,2022-08-09T11:30:11.014Z,
3316,Bordnetze Überwasserschiff – 24V DC,Nicht zugewiesen,Component Test,2022-08-09T11:30:10.701Z,
3317,Sonderbordnetze Aufklärung –3AC 60Hz 440V,Nicht zugewiesen,Developer test,2022-08-09T11:30:10.436Z,
3319,Sonderbordnetze Aufklärung –3AC 60Hz 230V USV,Nicht zugewiesen,Integration test,2022-08-09T11:30:11.873Z,
3318,Sonderbordnetze Aufklärung –3AC 60Hz 230V,Nicht zugewiesen,Component Test,2022-08-09T11:30:11.342Z,
3320,Land – Bord Stromversorgung,Nicht zugewiesen,System Test,2022-06-07T11:43:48.920Z,
3321,Landanschlusskästen,Nicht zugewiesen,Final Test,2022-06-07T11:43:49.013Z,
3322,Transformatoren,Nicht zugewiesen,Component Test,2022-06-07T11:43:49.107Z,
3323,Schaltanlagen – Eignung Hauptnetzschalttafel,13810-3310-Q-101-000,Component Test,2022-06-07T11:43:49.201Z,
3324,Schaltanlagen – Hauptnetzschalttafel,Nicht zugewiesen,Component Test,2022-06-07T11:43:49.295Z,
3325,Schaltanlagen – Funktion Hauptnetzschalttafel,Nicht zugewiesen,System Test,2022-08-09T11:22:19.417Z,
3327,Schaltanlagen – Integration E-Verteiler,Nicht zugewiesen,System Test,2022-06-07T11:43:49.561Z,
3326,Schaltanlagen – E-Verteiler,Nicht zugewiesen,Integration test,2022-06-07T11:43:49.483Z,
3328,Schaltanlagen – Sonstige Gruppen Schaltkästen (inkl. 24V Ersatzstromversorgung),Nicht zugewiesen,Integration test,2022-06-07T11:43:49.654Z,
3329,Schaltanlagen – Integration Sonstige Gruppen Schaltkästen,Nicht zugewiesen,Integration test,2022-06-07T11:43:49.748Z,
3330,Kabelanlagen – Komponentenprüfung Kabel,Nicht zugewiesen,Component Test,2022-06-07T11:43:49.842Z,
3331,Kabelanlage – Fahrtnetz Kabelverlegung einschließlich Kabelbahnen,Nicht zugewiesen,System Test,2022-06-07T11:43:49.951Z,
3332,Kabelanlage – Kabelverlegung einschließlich Kabelbahnen,Nicht zugewiesen,Component Test,2022-06-07T11:43:50.045Z,
3333,Beleuchtungsanlagen – Haupt- Ersatz- (24V Hilfs- Akku) und Hilfsbeleuchtung Beleuchtung für Sonderzwecke,Nicht zugewiesen,Component Test,2022-06-07T11:43:50.154Z,
3334,Beleuchtungsanlagen – Funktion Haupt- Ersatz- (24V Hilfs- Akku) und Hilfsbeleuchtung Beleuchtung für Sonderzwecke,Nicht zugewiesen,Developer test,2022-06-07T11:43:50.264Z,
3335,Hauptbeleuchtungsanlagen einschließlich Steckdosenanlagen,Nicht zugewiesen,Integration test,2022-06-07T11:43:50.358Z,
3336,Ersatz- und Hilfsbeleuchtungsanlagen,Nicht zugewiesen,Component Test,2022-06-07T11:43:50.451Z,
3337,Suchscheinwerfer,Nicht zugewiesen,System Test,2022-06-07T11:43:50.561Z,
3338,Positionslaternenanlage – Einzelgeräte für Positions- und Marinesignallichter,Nicht zugewiesen,Final Test,2022-06-07T11:43:50.686Z,
3339,Positionslaternenanlage – Signalsystem,Nicht zugewiesen,Component Test,2022-06-07T11:43:50.779Z,
3382,Fördersysteme –Geräte Container-Verfahreinrichtung,Nicht zugewiesen,Component Test,2022-06-07T11:43:54.806Z,
3381,Fördersysteme – Theoretische Eignung Container-Verfahreinrichtung,Nicht zugewiesen,Component Test,2022-06-07T11:43:54.712Z,
3340,Schalttafel für Positionslaternen und Signallichter,Nicht zugewiesen,System Test,2022-06-07T11:43:50.889Z,
3341,Brandmeldeanlage – Brandmeldezentrale,Nicht zugewiesen,System Test,2022-06-07T11:43:50.983Z,
3342,Brandmeldeanlage – Anlagenintegration,Nicht zugewiesen,Integration test,2022-06-07T11:43:51.076Z,
3343,Ruf- und Alarmanlagen – Geräte Flugbetriebssignalanlage,Nicht zugewiesen,Integration test,2022-06-07T11:43:51.170Z,
3344,Ruf- und Alarmanalagen –Alarmsysteme,Nicht zugewiesen,Integration test,2022-06-07T11:43:51.279Z,
3346,FüSAS – Integration und Messstellenprüfung,Nicht zugewiesen,Component Test,2022-06-07T11:43:51.467Z,
3345,FüSAS – Geräte und Komponenten,Nicht zugewiesen,System Test,2022-06-07T11:43:51.373Z,
3347,FüSAS – Funktion Gesamtsystem,Nicht zugewiesen,Component Test,2022-06-07T11:43:51.561Z,
3348,FüSAS – Software Release 1,13810-3714-Q-101-100,Component Test,2022-06-07T11:43:51.654Z,
3349,FüSAS – Software Release 2,Nicht zugewiesen,Developer test,2022-06-07T11:43:51.748Z,
3350,Personenortungsanlage – Geräte und Komponenten,Nicht zugewiesen,Integration test,2022-06-07T11:43:51.842Z,
3351,Personenortungsanlage – Integration und Funktion,Nicht zugewiesen,Component Test,2022-06-07T11:43:51.920Z,
3352,Ersatzstromversorgungsanlage –Netzladegleichrichter,Nicht zugewiesen,System Test,2022-06-07T11:43:52.014Z,
3354,USV-Anlagen – Verteiler und Geräte,Nicht zugewiesen,Final Test,2022-06-07T11:43:52.201Z,
3353,Ersatzstromversorgungsanlage –24V System inkl. Batteriesatz,Nicht zugewiesen,Component Test,2022-06-07T11:43:52.108Z,
3355,USV-Anlagen – Installation und Funktion,Nicht zugewiesen,Component Test,2022-06-07T11:43:52.305Z,
3356,Elektr. Korrosionsschutzanlage –Geräte,Nicht zugewiesen,Component Test,2022-06-07T11:43:52.399Z,
3357,Elektr. Korrosionsschutzanlage –Anlageninstallation,Nicht zugewiesen,System Test,2022-06-07T11:43:52.478Z,
3358,Luftschallsendeanlage,Nicht zugewiesen,System Test,2022-06-07T11:43:52.571Z,
3359,Ruderschaft und Ruderblatt,Nicht zugewiesen,Integration test,2022-06-07T11:43:52.665Z,
3360,Ruderlagerung,Nicht zugewiesen,Integration test,2022-06-07T11:43:52.759Z,
3361,Rudermaschine – Rudermaschine mit Hydraulikeinheit,Nicht zugewiesen,Integration test,2022-06-07T11:43:52.853Z,
3363,Rudermaschine – Funktion Gesamtanlage,Nicht zugewiesen,Component Test,2022-06-07T11:43:53.024Z,
3362,Rudermaschine – Anlagenintegration,Nicht zugewiesen,System Test,2022-06-07T11:43:52.931Z,
3364,Querschubanlage – Tunnel einschl. Motoren,Nicht zugewiesen,Component Test,2022-06-07T11:43:53.118Z,
3365,Querschubanlage – Anlagenintegration,Nicht zugewiesen,Component Test,2022-06-07T11:43:53.228Z,
3366,Querschubanlage - Funktion Gesamtsystem,Nicht zugewiesen,Developer test,2022-06-07T11:43:53.306Z,
3367,Ankereinrichtungen – Spille und Winden,Nicht zugewiesen,Integration test,2022-06-07T11:43:53.399Z,
3368,Ankereinrichtungen – Anlagenintegration und Erstinbetriebnahme,Nicht zugewiesen,Component Test,2022-06-07T11:43:53.493Z,
3445,Luftkühlanlage – Luftkühlgerät,Nicht zugewiesen,System Test,2022-06-07T11:44:01.442Z,
3444,Luftkühlanlage – Luftkühler (Kaltwasser),Nicht zugewiesen,Final Test,2022-06-07T11:44:01.333Z,
3434,Abwassereinrichtungen – Funktion und Vorgehen Abwasseraufbereitungs- inkl. Abwasserabgabeeinrichtung und Nassmüllentsorgungsanlage,Nicht zugewiesen,Component Test,2022-06-07T11:44:00.317Z,
3435,Abwasserabgabeeinrichtungen – Abgabepumpe,Nicht zugewiesen,Component Test,2022-06-07T11:44:00.426Z,
3436,Abfluss- und Speigatteinrichtungen – Kondensatpumpe,Nicht zugewiesen,Component Test,2022-06-07T11:44:00.536Z,
3437,Küchenabfallbehandlung – Komponentenprüfung Glaszerkleinerer Dosen- und Müllpresse,Nicht zugewiesen,System Test,2022-06-07T11:44:00.645Z,
3438,Nassmüllentsorgungsanlage – Anlage- und Komponentenprüfungen,Nicht zugewiesen,System Test,2022-06-07T11:44:00.739Z,
3439,Lüftungstechnische Anlage – Integration und Inbetriebnahme Gesamtsystem,Nicht zugewiesen,Integration test,2022-06-07T11:44:00.817Z,
3441,Lüftungseinrichtungen – Komponentenprüfung Zentrifugal- und Axiallüfter,Nicht zugewiesen,Integration test,2022-06-07T11:44:01.004Z,
3440,Lüftungstechnische Anlage – Funktion und Leistungsnachweis,Nicht zugewiesen,Integration test,2022-06-07T11:44:00.911Z,
3442,Verschlusseinrichtungen – Komponentenprüfung Elektr. Betätige Absperrklappen Feuerschutzklappe,Nicht zugewiesen,Component Test,2022-06-07T11:44:01.114Z,
3443,Filter- und Schutzluftanlagen – Komponentenprüfung Schutzluftgerät ABC Lüfter und Lufteintrittsmodul,Nicht zugewiesen,System Test,2022-06-07T11:44:01.223Z,
3383,Fördersysteme –Anlagenintegration Container-Verfahreinrichtung,Nicht zugewiesen,Component Test,2022-06-07T11:43:54.931Z,
3384,Fördersysteme – Funktion Container-Verfahreinrichtung,Nicht zugewiesen,Component Test,2022-06-07T11:43:55.040Z,
3385,Deckenkrananlage – Kran inklusive Hydraulikaggregat,Nicht zugewiesen,Developer test,2022-06-07T11:43:55.149Z,
3386,Deckenkrananlage – Anlagenintegration System,Nicht zugewiesen,Integration test,2022-06-07T11:43:55.259Z,
3387,Deckenkrananlage – Funktion System,Nicht zugewiesen,Component Test,2022-06-07T11:43:55.368Z,
3388,Güteraufzug – Komponenten automatisches Verfahrsystem,Nicht zugewiesen,System Test,2022-06-07T11:43:55.478Z,
3389,Güteraufzug – Erweiterte Integration automatisches Verfahrsystem,Nicht zugewiesen,Final Test,2022-06-07T11:43:55.582Z,
3390,Versorgungseinrichtungen Hafen/See – RAS Spille,Nicht zugewiesen,Component Test,2022-06-07T11:43:55.692Z,
3391,Versorgungseinrichtungen Hafen/See – Verfahrbarer Konterpunkt,Nicht zugewiesen,Component Test,2022-06-07T11:43:55.785Z,
3392,Versorgungseinrichtungen Hafen/See –Konterpunkte und Vollständigkeitskontrolle,13810-4251-Q-301-000,Component Test,2022-06-07T11:43:55.895Z,
3393,Versorgungseinrichtungen Hafen/See – Integration RAS Übernahmestationen,13810-4251-Q-302-000,System Test,2022-06-07T11:43:55.988Z,
3394,Winden für Schlepp- und Bergeeinrichtungen – Winde mit Ausbring- und Notkappeinrichtung (Segment ACINT),Nicht zugewiesen,System Test,2022-06-07T11:43:56.113Z,
3395,Winden für Schlepp- und Bergeeinrichtungen – Integration Winde mit Ausbring- und Notkappeinrichtung (Segment ACINT),Nicht zugewiesen,Integration test,2022-06-07T11:43:56.223Z,
3396,Installations- und Druckprüfung der Rohrsysteme an Bord,13810-4300-Q-301-000,Integration test,2022-06-07T11:43:56.332Z,
3397,Installations- und Druckprüfung der Rohrsysteme an Bord - VG Armaturen,13810-4300-Q-302-000,Integration test,2022-06-07T11:43:56.410Z,
3399,VG Ventile und Armaturen,Nicht zugewiesen,Component Test,2022-06-07T11:43:56.613Z,
3398,Prüf- und überwachungsbedürftige Ventile und Armaturen,Nicht zugewiesen,System Test,2022-06-07T11:43:56.504Z,
3400,Lenz- Lecklenzeinrichtungen – Installation der Einrichtungen,Nicht zugewiesen,Component Test,2022-06-07T11:43:56.707Z,
3401,Lenz- Lecklenzeinrichtungen – Funktion der Systeme,Nicht zugewiesen,Component Test,2022-06-07T11:43:56.801Z,
3402,Lenzanlagen – Lenzpumpe,Nicht zugewiesen,Developer test,2022-06-07T11:43:56.910Z,
3403,Bilgenwasserentölungsanlage – Anlagenprüfung (inkl. Steuer- und Alarmeinheit),Nicht zugewiesen,Integration test,2022-06-07T11:43:57.004Z,
3404,Lecklenzanlagen – Leck-Lenzpumpe,Nicht zugewiesen,Component Test,2022-06-07T11:43:57.113Z,
3405,Lecklenzanlagen – Leck-Lenzinjektor,Nicht zugewiesen,System Test,2022-06-07T11:43:57.238Z,
3406,Ballastwasseranlagen – Ballastwasserpumpe,Nicht zugewiesen,Final Test,2022-06-07T11:43:57.349Z,
3407,Ballastwasseranlagen – Ballastwasserbehandlungsanlage,Nicht zugewiesen,Component Test,2022-06-07T11:43:57.458Z,
3446,Elektrische Raumheizgeräte –Komponentenprüfung Heizkörper,Nicht zugewiesen,Component Test,2022-06-07T11:44:01.551Z,
3408,Anti-Bewuchs-Anlage – Anlagenprüfung,Nicht zugewiesen,Component Test,2022-06-07T11:43:57.567Z,
3409,Anti-Bewuchs-Anlage – Integration Einstellungen und erste Inbetriebnahme,Nicht zugewiesen,System Test,2022-06-07T11:43:57.692Z,
3410,Seekühlwasseranlagen – Seekühlwasserpumpen verschiedener Systeme,Nicht zugewiesen,System Test,2022-06-07T11:43:57.801Z,
3411,Sonderfeuerlöscheinrichtungen –Integrationsprüfung und Erstinbetriebnahme der Einzelanlagen,Nicht zugewiesen,Integration test,2022-06-07T11:43:57.895Z,
3412,Sonderfeuerlöscheinrichtungen – Funktion des Gesamtsystems,Nicht zugewiesen,Integration test,2022-06-07T11:43:58.005Z,
3413,Sonderfeuerlöscheinrichtungen – Luftschaumfeuerlöschsystem Anlagenprüfung,Nicht zugewiesen,Integration test,2022-06-07T11:43:58.114Z,
3414,Sonderfeuerlöscheinrichtungen – Pulverfeuerlöschsystem Anlagenprüfung,Nicht zugewiesen,Component Test,2022-06-07T11:43:58.223Z,
3415,Sonderfeuerlöscheinrichtungen – CO2 Feuerlöschanlage für BHS Anlagenprüfung,Nicht zugewiesen,System Test,2022-06-07T11:43:58.317Z,
3416,Sonderfeuerlöscheinrichtungen –Feuerlöscheinheit (Küche) Anlagenprüfung,Nicht zugewiesen,Component Test,2022-06-07T11:43:58.411Z,
3418,Gasfeuerlöschanlage – CO2 Feuerlöschanlage Integration der Anlage,Nicht zugewiesen,Component Test,2022-06-07T11:43:58.598Z,
3417,Gasfeuerlöschanlage – CO2 Feuerlöschanlage Anlagenprüfung,Nicht zugewiesen,Developer test,2022-06-07T11:43:58.505Z,
3419,Seewasserfeuerlösch- und Berieselungseinrichtungen – Installation Gesamtsystem,Nicht zugewiesen,Integration test,2022-06-07T11:43:58.692Z,
3420,Seewasserfeuer­lösch- und Berieselungseinrichtungen – Funktion Gesamtsystem,Nicht zugewiesen,Component Test,2022-06-07T11:43:58.801Z,
3421,Feuerlösch- und Druckhaltepumpen,Nicht zugewiesen,System Test,2022-06-07T11:43:58.895Z,
3422,Berieselungsanlage – Komponentenprüfung für Absperrklappen Düsen und Prüfventile,Nicht zugewiesen,Final Test,2022-06-07T11:43:59.005Z,
3423,Sprinkleranlagen – Niederdruckwassernebenanlage Anlagenprüfung,Nicht zugewiesen,Component Test,2022-06-07T11:43:59.130Z,
3424,Sprinkleranlagen – Niederdruckwassernebenanlage Integrationsprüfung,Nicht zugewiesen,Component Test,2022-06-07T11:43:59.255Z,
3425,Frischwassereinrichtungen – Integrations Erzeugungs- und Hydrophorsystem,Nicht zugewiesen,Component Test,2022-06-07T11:43:59.364Z,
3426,Frischwassereinrichtungen – Funktion Erzeugungs- und Hydrophorsystem,Nicht zugewiesen,System Test,2022-06-07T11:43:59.473Z,
3427,Frischwassererzeugersystem – Frischwasserförderpumpe,Nicht zugewiesen,System Test,2022-06-07T11:43:59.567Z,
3428,Frischwassererzeugersystem – CO2 Dosieranlage,Nicht zugewiesen,Integration test,2022-06-07T11:43:59.676Z,
3429,Frischwassererzeugungssystem – Frischwassererzeuger inkl. Vorfiltration,Nicht zugewiesen,Integration test,2022-06-07T11:43:59.770Z,
3430,Frischwasserhydrophorsystem – Frischwasser Drucktank (Hydrophorbehälter),Nicht zugewiesen,Integration test,2022-06-07T11:43:59.864Z,
3431,Frischwasserhydrophorsystem – Warmwasserbereiter,Nicht zugewiesen,Component Test,2022-06-07T11:43:59.973Z,
3432,Frischwasserhydrophorsystem – Umwälzpumpe,Nicht zugewiesen,System Test,2022-06-07T11:44:00.098Z,
3433,Abwassereinrichtungen – Integration Abwasseraufbereitungs- inkl. Abwasserabgabeeinrichtung und Nassmüllentsorgungsanlage,Nicht zugewiesen,Component Test,2022-06-07T11:44:00.192Z,
3509,Radaranlagen – Funktion Navigationsradar,Nicht zugewiesen,Component Test,2022-06-07T11:44:08.038Z,
3499,Global Positioning System P(Y)-GPS – Anlagenprüfung Empfangsgerät,Nicht zugewiesen,Developer test,2022-06-07T11:44:07.048Z,
3500,Global Positioning System P(Y)-GPS – Integration Navigationsanlage,Nicht zugewiesen,Integration test,2022-06-07T11:44:07.142Z,
3501,Global Positioning System P(Y)-GPS – Funktion Navigationsanlage,Nicht zugewiesen,Component Test,2022-06-07T11:44:07.236Z,
3502,Radaranlagen – Erweiterte Funktionsprüfung Radarsysteme,Nicht zugewiesen,System Test,2022-06-07T11:44:07.350Z,
3503,Radaranlagen – Anlagenprüfung Multifunktionsradar,Nicht zugewiesen,Final Test,2022-06-07T11:44:07.460Z,
3504,Radaranlagen – Integrationsprüfung Multifunktionsradar,Nicht zugewiesen,Component Test,2022-06-07T11:44:07.554Z,
3505,Radaranlagen – Gerätefunktionalitäten in Softwareumgebung Multifunktionsradar,Nicht zugewiesen,Component Test,2022-06-07T11:44:07.648Z,
3506,Radaranlagen – Funktion Multifunktionsradar,Nicht zugewiesen,Component Test,2022-06-07T11:44:07.742Z,
3508,Radaranlagen – Integration und Erstinbetriebnahme Navigationsradar,Nicht zugewiesen,System Test,2022-06-07T11:44:07.929Z,
3507,Radaranlagen – Anlagenprüfung Navigationsradar,Nicht zugewiesen,System Test,2022-06-07T11:44:07.835Z,
3448,Steuer- Schalt und Regeleinrichtungen – Überdruckmessgerät Zitadellen,Nicht zugewiesen,Integration test,2022-06-07T11:44:01.739Z,
3447,Klimageräte – Komponentenprüfung,Nicht zugewiesen,Integration test,2022-06-07T11:44:01.645Z,
3449,Kälteanlagen – Anlagenprüfung Proviant- und Müllkälteanlage,Nicht zugewiesen,Integration test,2022-06-07T11:44:01.864Z,
3451,Kälteanlagen – Funktion Proviant- und Müllkälteanlage,Nicht zugewiesen,Component Test,2022-06-07T11:44:02.051Z,
3450,Kälteanlagen – Integrationsprüfung Proviant- und Müllkälteanlage,Nicht zugewiesen,System Test,2022-06-07T11:44:01.958Z,
3452,Kaltwassersatz – Anlagenprüfung Kaltwassersatz inkl. Steuerpumpe und Schaltschrank,Nicht zugewiesen,Component Test,2022-06-07T11:44:02.145Z,
3453,Kaltwassersatz – Druckbehälter,Nicht zugewiesen,Component Test,2022-06-07T11:44:02.282Z,
3454,Kaltwassersatz – Kältemittelwarnanlage,Nicht zugewiesen,Developer test,2022-06-07T11:44:02.375Z,
3455,Kaltwassersatz – Druckerhöhungspumpe,Nicht zugewiesen,Integration test,2022-06-07T11:44:02.470Z,
3456,Wirtschaftseinrichtungen – Integration und Einschaltprüfungen,Nicht zugewiesen,Component Test,2022-06-07T11:44:02.580Z,
3457,Atemlufteinrichtungen – Installationsprüfung,Nicht zugewiesen,System Test,2022-06-07T11:44:02.689Z,
3458,Atemlufteinrichtungen – Anlagenprüfung Atemluftverdichter inkl. Aufbereitungsanlage,Nicht zugewiesen,Final Test,2022-06-07T11:44:02.783Z,
3459,Atemlufteinrichtungen – Anlagenprüfung CO2 Warngerät,Nicht zugewiesen,Component Test,2022-06-07T11:44:02.877Z,
3460,Einrichtungen zu Aerostat (VERTREP) – Hilfsgeräte Werkzeuge und Komponenten,Nicht zugewiesen,Component Test,2022-06-07T11:44:02.986Z,
3461,Einrichtungen zu Aerostat (VERTREP) – Integration der Einrichtungs- und Versorgungsgegenstände,Nicht zugewiesen,Component Test,2022-06-07T11:44:03.095Z,
3462,Flugdrohne –Anlagenprüfung,Nicht zugewiesen,System Test,2022-07-28T07:00:37.150Z,
3463,Flugdrohne – Funktion Gesamtsystem,Nicht zugewiesen,System Test,2022-06-27T06:18:12.245Z,
3464,Aerostat (VERTREP) und Ausrüstung – Eignung Stromlinienkörper inkl. Leistungs- und Steuerelektrik,Nicht zugewiesen,Integration test,2022-06-07T11:44:03.408Z,
3465,Aerostat (VERTREP) und Ausrüstung – Eignung Trägereinrichtung für Sensorik,Nicht zugewiesen,Integration test,2022-06-07T11:44:03.533Z,
3466,Aerostat (VERTREP) und Ausrüstung – Anlage Stromlinienkörper inkl. Leistungs- und Steuerelektrik,Nicht zugewiesen,Integration test,2022-06-07T11:44:03.627Z,
3467,Aerostat (VERTREP) und Ausrüstung – Anlage Trägereinrichtung für Sensorik,Nicht zugewiesen,Component Test,2022-06-07T11:44:03.720Z,
3468,Aerostat (VERTREP) und Ausrüstung – Komponente Start und Landeplattform,Nicht zugewiesen,System Test,2022-06-07T11:44:03.814Z,
3469,Aerostat (VERTREP) und Einrichtung – Funktionserprobung Gesamtsystem,Nicht zugewiesen,Component Test,2022-06-07T11:44:03.923Z,
3470,Hangar mit Ausrüstung – Anlagenprüfung Hangartor,Nicht zugewiesen,Component Test,2022-06-07T11:44:04.017Z,
3471,Hangar mit Ausrüstung – Integrationsprüfung und Erstinbetriebnahme,Nicht zugewiesen,Developer test,2022-06-07T11:44:04.111Z,
3472,Flugdeck mit Ausrüstung – Komponentenprüfung Landegrid,Nicht zugewiesen,Integration test,2022-07-28T07:01:20.667Z,
3510,Radaranlagen – Anlagenprüfung Tieffliegerradar,Nicht zugewiesen,Component Test,2022-06-07T11:44:08.148Z,
3473,Flugdeck mit Ausrüstung – Installation Flugdeckgeländer,Nicht zugewiesen,System Test,2022-08-10T13:48:00.270Z,
3474,Flugdeck mit Ausrüstung – Installation Zurrtöpfe,Nicht zugewiesen,Final Test,2022-07-08T11:37:38.252Z,
3475,Optische Start- und Landehilfen – Komponentenprüfung Anflug- sowie Start- und Landehilfe und Flugdeckbeleuchtung,Nicht zugewiesen,Component Test,2022-06-07T11:44:04.517Z,
3476,Optische Start- und Landehilfen – Integrationsprüfung und Erstinbetriebnahme,Nicht zugewiesen,Component Test,2022-06-07T11:44:04.627Z,
3477,Be- und Enttankungseinrichtungen – Anlage Betankungsmodul und Pumpen-Filter-Modul,Nicht zugewiesen,Component Test,2022-06-07T11:44:04.720Z,
3478,Be- und Enttankungseinrichtungen – Integration Gesamtanlage,Nicht zugewiesen,System Test,2022-06-07T11:44:04.814Z,
3479,Integrierte Nachweisführung ELOKA – Segment 1: ACINT,Nicht zugewiesen,System Test,2022-06-07T11:44:04.923Z,
3480,Integrierte Nachweisführung ELOKA – Segment 2: OPTRINT,Nicht zugewiesen,Integration test,2022-06-07T11:44:05.033Z,
3481,Integrierte Nachweisführung ELOKA – Segment 3.1: SIGINT-COMINT,Nicht zugewiesen,Integration test,2022-06-07T11:44:05.142Z,
3482,Integrierte Nachweisführung ELOKA – Segment 3.2: SIGINT-ELINT,Nicht zugewiesen,Integration test,2022-06-07T11:44:05.268Z,
3483,Integrierte Nachweisführung ELOKA – Segment 3.3: SIGINT-TERF,Nicht zugewiesen,Component Test,2022-06-07T11:44:05.392Z,
3484,Funk-Sendeanlagen – Anlagenprüfung HF Sendeanlage,Nicht zugewiesen,System Test,2022-06-07T11:44:05.502Z,
3485,Funk-Sendeanlagen – HF Antennenanlage,Nicht zugewiesen,Component Test,2022-06-07T11:44:05.627Z,
3486,Funk-Sendeanlagen – Integration HF Sendeanlagen,Nicht zugewiesen,Component Test,2022-06-07T11:44:05.720Z,
3487,Funk-Sendeanlagen – Funktion HF Sendeanlagen,Nicht zugewiesen,Developer test,2022-06-07T11:44:05.830Z,
3488,Funk-Sende-Empfangsanlagen –Anlagenprüfung Funksprechanlagen (HF VHF UHF SHF EHF),Nicht zugewiesen,Integration test,2022-06-07T11:44:05.923Z,
3489,Funk-Sende-Empfangsanlagen –Integrationsprüfung Funksprechanlagen (HF VHF UHF SHF EHF),Nicht zugewiesen,Component Test,2022-06-07T11:44:06.033Z,
3490,Funk-Sende-Empfangsanlagen – Funktion Funksprechanlagen Ziviler Seefunk und Seenotfunk,Nicht zugewiesen,System Test,2022-06-07T11:44:06.142Z,
3491,Funk-Sende-Empfangsanlagen – Funktion Funksprechanlagen (HF VHF UHF SHF EHF),Nicht zugewiesen,Final Test,2022-06-07T11:44:06.236Z,
3492,Funk-Sende-Empfangsanlagen –Anlagenprüfung Funksprechanalgen (SATCOM INMARSAT UHF),Nicht zugewiesen,Component Test,2022-06-07T11:44:06.345Z,
3494,Funk-Sende-Empfangsanlagen – Funktion Funksprechanalgen (SATCOM INMARSAT UHF),Nicht zugewiesen,Component Test,2022-06-07T11:44:06.564Z,
3493,Funk-Sende-Empfangsanlagen –Integration Funksprechanalgen (SATCOM INMARSAT UHF),Nicht zugewiesen,Component Test,2022-06-07T11:44:06.470Z,
3495,Funk-Sende-Empfangsanlagen – Data-Link-System (Link11/22 16 zu HF/ UHF),Nicht zugewiesen,System Test,2022-06-07T11:44:06.658Z,
3496,Nebengeräte zu Funk-Sende-Empfangsanlagen – Komponentenprüfung Modem,Nicht zugewiesen,System Test,2022-06-07T11:44:06.751Z,
3497,Nebengeräte zu Funk-Sende-Empfangsanlagen – Anlagenprüfung Normalfrequenzanlage,Nicht zugewiesen,Integration test,2022-06-07T11:44:06.861Z,
3498,Ausstattungen zu Funk-Nachrichtenanlagen – Fernmeldearbeitsplätze inkl. Geräteträger,Nicht zugewiesen,Integration test,2022-06-07T11:44:06.955Z,
3572,Schiffslautsprecheranlage (SLA) – Schnittstelle zur Brandmeldeanlage,Nicht zugewiesen,Integration test,2022-06-07T11:44:14.756Z,
3563,Digitales Kommunikationsnetzwerk (DKN) – Netzwerkinstallation,Nicht zugewiesen,Component Test,2022-06-07T11:44:13.802Z,
3562,Digitales Kommunikationsnetzwerk (DKN) – Komponenten,Nicht zugewiesen,System Test,2022-06-07T11:44:13.709Z,
3564,Digitales Kommunikationsnetzwerk (DKN) – Schnittstellenprüfungen,Nicht zugewiesen,Component Test,2022-06-07T11:44:13.881Z,
3565,Digitales Kommunikationsnetzwerk (DKN) – Demonstration Sprechwegeplan,Nicht zugewiesen,Component Test,2022-06-07T11:44:13.990Z,
3566,Schiffsverkehrsfernsprecheranlage (SVF) – Komponenten und Zentralgerät,Nicht zugewiesen,Developer test,2022-06-07T11:44:14.099Z,
3567,Schiffsverkehrsfernsprecheranlage (SVF) – Installation und Inbetriebnahme,Nicht zugewiesen,Integration test,2022-06-07T11:44:14.193Z,
3568,Batterielose Fernsprechanlage (BFA) – Komponenten und Verteiler,Nicht zugewiesen,Component Test,2022-06-07T11:44:14.287Z,
3569,Batterielose Fernsprechanlage (BFA) – Installation und Inbetriebnahme,Nicht zugewiesen,System Test,2022-06-07T11:44:14.412Z,
3570,Schiffslautsprecheranlage (SLA) – Komponenten,Nicht zugewiesen,Final Test,2022-06-07T11:44:14.521Z,
3571,Schiffslautsprecheranlage (SLA) – Komponenten,Nicht zugewiesen,Component Test,2022-06-07T11:44:14.631Z,
3511,Radaranlagen – Integrationsprüfung Tieffliegerradar,Nicht zugewiesen,Component Test,2022-06-07T11:44:08.257Z,
3513,Radar-Kennanlagen – Anlagenprüfung IFF (identification friend or foe),Nicht zugewiesen,Component Test,2022-06-07T11:44:08.554Z,
3512,Radaranlagen – Funktion Tieffliegerradar,Nicht zugewiesen,System Test,2022-06-07T11:44:08.460Z,
3514,Radar-Kennanlagen – Anlagenprüfung IFF  (identification friend or foe),Nicht zugewiesen,System Test,2022-06-07T11:44:08.683Z,
3516,Radar-Kennanlagen,Nicht zugewiesen,Integration test,2022-06-07T11:44:08.870Z,
3515,Radar-Kennanlagen – Schnittstelle IFF zu Navigation,Nicht zugewiesen,Integration test,2022-06-07T11:44:08.776Z,
3517,Optische Nachrichten- und Signalanlagen – Typbefähigung Scheinwerfer,Nicht zugewiesen,Integration test,2022-06-07T11:44:08.964Z,
3518,Optische Nachrichten- und Signalanlagen – Integration Scheinwerfer,Nicht zugewiesen,Component Test,2022-06-07T11:44:09.089Z,
3519,Optische Nachrichten- und Signalanlagen – Anlagenprüfung Optronischer Tracker,Nicht zugewiesen,System Test,2022-06-07T11:44:09.229Z,
3520,Optische Nachrichten- und Signalanlagen – Installation Optronischer Tracker,Nicht zugewiesen,Component Test,2022-06-07T11:44:09.354Z,
3521,Optische Nachrichten- und Signalanlagen – Schnittstelle Tracker zu Navigation,Nicht zugewiesen,Component Test,2022-06-07T11:44:09.464Z,
3522,Optische Nachrichten- und Signalanlagen – Anlagenprüfung CCTV,Nicht zugewiesen,Developer test,2022-06-07T11:44:09.589Z,
3523,Optische Nachrichten- und Signalanlagen – Integration CCTV,Nicht zugewiesen,Integration test,2022-06-07T11:44:09.714Z,
3524,Optische Nachrichten- und Signalanlagen – Schnittstelle CCTV zu RDTV (BGr. 5344),Nicht zugewiesen,Component Test,2022-06-07T11:44:09.823Z,
3525,Optische Nachrichten- und Signalanlagen – Schnittstelle CCTV zu FüSAS,Nicht zugewiesen,System Test,2022-06-07T11:44:09.948Z,
3526,Optische Nachrichten- und Signalanlagen – Anlagenprüfung RDTV,Nicht zugewiesen,Final Test,2022-06-07T11:44:10.057Z,
3527,Optische Nachrichten- und Signalanlagen – Integration RDTV,Nicht zugewiesen,Component Test,2022-06-07T11:44:10.182Z,
3528,Laser-Warngeräte – Anlagenprüfung Laseraufklärer (COULDS),Nicht zugewiesen,Component Test,2022-06-07T11:44:10.276Z,
3529,Laser-Warngeräte – Integration Laseraufklärer (COULDS),Nicht zugewiesen,Component Test,2022-06-07T11:44:10.370Z,
3530,Laser-Warngeräte – Schnittstelle COULDS zu SIGINT,Nicht zugewiesen,System Test,2022-06-07T11:44:10.479Z,
3531,Wärme- Peil- und Ortungsanlagen – Anlagenprüfung Raketenwarneinrichtung (MILDS),Nicht zugewiesen,System Test,2022-06-07T11:44:10.573Z,
3532,Wärme- Peil- und Ortungsanlagen – Integrationsprüfung Raketenwarneinrichtung (MILDS),Nicht zugewiesen,Integration test,2022-06-07T11:44:10.682Z,
3533,Wärme- Peil- und Ortungsanlagen – Schnittstelle COULDS zu OPTRINT,Nicht zugewiesen,Integration test,2022-06-07T11:44:10.776Z,
3534,Wärme- Peil- und Ortungsanlagen – Anlagenprüfung 360° Rundumsichtsystem,Nicht zugewiesen,Integration test,2022-06-07T11:44:10.870Z,
3573,Schiffslautsprecheranlage (SLA) – Schnittstelle zur FüSAS,Nicht zugewiesen,Component Test,2022-06-07T11:44:14.881Z,
3535,Wärme- Peil- und Ortungsanlagen –Integration 360° Rundumsichtsystem,Nicht zugewiesen,System Test,2022-06-07T11:44:10.979Z,
3536,Wärme- Peil- und Ortungsanlagen – Anlagenprüfung Verifikator (MEOS III),Nicht zugewiesen,Component Test,2022-06-07T11:44:11.089Z,
3537,Wärme- Peil- und Ortungsanlagen – Integration Verifikator (MEOS III),Nicht zugewiesen,Component Test,2022-06-07T11:44:11.198Z,
3539,Aktive Sonaranlage – Hullmounted Sonar System Zylinderbasis Sonar Sensor Anbauteil Schiffsrumpf und Sonsor Box,Nicht zugewiesen,Developer test,2022-06-07T11:44:11.386Z,
3538,Aktive Sonaranlagen – Hullmounted Sonar System,Nicht zugewiesen,Integration test,2022-06-07T11:44:11.292Z,
3540,Aktive Sonaranlage – Integration Hullmounted Sonar System,Nicht zugewiesen,Component Test,2022-06-07T11:44:11.495Z,
3542,Spezialsonaranlagen – Schleppsonarsystem,Nicht zugewiesen,System Test,2022-06-07T11:44:11.698Z,
3541,Aktive Sonaranlage – Interne Schnittstellen Hullmounted Sonar System,Nicht zugewiesen,Final Test,2022-06-07T11:44:11.604Z,
3543,Spezialsonaranlagen – Schleppsonarsystem Komponente Zugkabel,Nicht zugewiesen,Component Test,2022-06-07T11:44:11.792Z,
3544,Spezialsonaranlagen – Funktion Schleppsonarsystem,Nicht zugewiesen,Component Test,2022-06-07T11:44:11.886Z,
3545,Spezialsonaranlagen – Intercept Sonar Komponenten (CIA und HFCIA),Nicht zugewiesen,Component Test,2022-06-07T11:44:11.995Z,
3546,Spezialsonaranlagen – Intercept Sonar Installation (CIA und HFCIA),Nicht zugewiesen,System Test,2022-06-07T11:44:12.089Z,
3547,Spezialsonaranlagen – Anlagenprüfung Sonobuoy Processing System,Nicht zugewiesen,System Test,2022-06-07T11:44:12.198Z,
3548,Spezialsonaranlagen – Integration Sonobuoy Processing System,Nicht zugewiesen,Integration test,2022-06-07T11:44:12.318Z,
3549,Spezialsonaranlagen – Komponentenprüfung Taucherdetektionssonar (Cerberus),Nicht zugewiesen,Integration test,2022-06-07T11:44:12.411Z,
3550,Spezialsonaranlagen – Demonstration Taucherdetektionssonar (Cerberus),Nicht zugewiesen,Integration test,2022-06-07T11:44:12.506Z,
3551,Wasserschall- Navigations- und Ortungsanlagen – Komponentenprüfung Echolot,Nicht zugewiesen,Component Test,2022-06-07T11:44:12.599Z,
3552,Wasserschall- Navigations- und Ortungsanlagen – Installation Echolot,Nicht zugewiesen,System Test,2022-06-07T11:44:12.709Z,
3553,Wasserschall- Navigations- und Ortungsanlagen – Funktion Echolot,Nicht zugewiesen,Component Test,2022-06-07T11:44:12.818Z,
3554,Bathythermograph,Nicht zugewiesen,Component Test,2022-06-07T11:44:12.927Z,
3555,Unterwasserkommunikationsanlagen – Anlagenprüfung UT-System,Nicht zugewiesen,Developer test,2022-06-07T11:44:13.021Z,
3556,Unterwasserkommunikationsanlagen – Integration UT-System,Nicht zugewiesen,Integration test,2022-06-07T11:44:13.131Z,
3557,Kommunikationsmanagementsystem (KMS) – Hardwarekomponenten,Nicht zugewiesen,Component Test,2022-06-07T11:44:13.224Z,
3558,Kommunikationsmanagementsystem (KMS) – Schnittstelle KMS zu ARAA,Nicht zugewiesen,System Test,2022-06-07T11:44:13.318Z,
3559,Kommunikationsmanagementsystem (KMS) – Schnittstelle KMS zu FüSAS,Nicht zugewiesen,Final Test,2022-06-07T11:44:13.412Z,
3560,Externe BÜ Anlagen – Komponentenprüfung Anrufanlage,Nicht zugewiesen,Component Test,2022-06-07T11:44:13.506Z,
3561,Externe BÜ Analgen – Installation und Integration Anrufanlage,Nicht zugewiesen,Component Test,2022-06-07T11:44:13.599Z,
3639,Geräte für Schiff und Schiffssicherung – Anlagenprüfung Rettungsinseln,Nicht zugewiesen,Component Test,2022-06-07T11:44:21.514Z,
3629,Integriertes Bordnetz (IBN) – Schnittstelle zur Schiffstechnik,Nicht zugewiesen,System Test,2022-06-07T11:44:20.466Z,
3630,Integriertes Bordnetz (IBN) – Schnittstelle zum Multi Service Bordnetz (MSB),Nicht zugewiesen,System Test,2022-06-07T11:44:20.560Z,
3631,Integriertes Bordnetz (IBN) – Schnittstelle zur Navigation,Nicht zugewiesen,Integration test,2022-06-07T11:44:20.654Z,
3632,Geschütze bis 75mm – Komponentenprüfung SeaSnake 30,Nicht zugewiesen,Integration test,2022-06-07T11:44:20.763Z,
3633,Geschütze bis 75mm – Integration SeaSnake 30,Nicht zugewiesen,Integration test,2022-06-07T11:44:20.857Z,
3634,Besondere Geschütze – Wirkmittelprüfung Schallkanone,Nicht zugewiesen,Component Test,2022-06-07T11:44:20.951Z,
3635,Besondere Geschütze – Integration Schallkanone,Nicht zugewiesen,System Test,2022-06-07T11:44:21.060Z,
3636,Anker Ankerkette Kettenstopper,Nicht zugewiesen,Component Test,2022-06-07T11:44:21.185Z,
3637,Geräte für Schiff und Schiffssicherung – Anlagenprüfung Fast Rescue Boats (FRB),Nicht zugewiesen,Component Test,2022-06-07T11:44:21.295Z,
3638,Geräte für Schiff und Schiffssicherung – Integration Fast Rescue Boats (FRB),Nicht zugewiesen,Developer test,2022-06-07T11:44:21.389Z,
3574,Schadensabwehrgefechtsdienst (SAGD) – Komponenten der Kommunikation,Nicht zugewiesen,Integration test,2022-06-07T11:44:14.990Z,
3575,Schadensabwehrgefechtsdienst (SAGD) – Integration und Inbetriebnahme der Komponenten,Nicht zugewiesen,Component Test,2022-06-07T11:44:15.084Z,
3576,Schadensabwehrgefechtsdienst (SAGD) – Schnittstelle zu FüSAS,Nicht zugewiesen,System Test,2022-06-07T11:44:15.177Z,
3577,Schadensabwehrgefechtsdienst (SAGD) – Schnittstelle zu BFA,Nicht zugewiesen,Final Test,2022-06-07T11:44:15.287Z,
3579,Global Maritime Distress- and Safety System (GMDSS) – Installation und Inbetriebnahme,Nicht zugewiesen,Component Test,2022-06-07T11:44:15.474Z,
3578,Global Maritime Distress- and Safety System (GMDSS) – Komponentenprüfung,Nicht zugewiesen,Component Test,2022-06-07T11:44:15.381Z,
3580,Fernmeldeaufklärungsanlagen – Komponenten zur taktischen Meldung (Hardware-Komponenten Datenempfang),Nicht zugewiesen,Component Test,2022-06-07T11:44:15.568Z,
3581,Fernmeldeaufklärungsanlagen – Hardware-Komponenten Arbeitsplätze,Nicht zugewiesen,System Test,2022-06-07T11:44:15.662Z,
3582,Fernmeldeaufklärungsanlagen – Hardware-Komponenten Server und Infrastruktur,Nicht zugewiesen,System Test,2022-06-07T11:44:15.756Z,
3583,Fernmeldeaufklärungsanlagen – Installation und Integration Hardware-Komponenten Server und Infrastruktur,Nicht zugewiesen,Integration test,2022-06-07T11:44:15.849Z,
3584,Fernmeldeaufklärungsanlagen – Anlage zur taktischen Meldung (Eignung Software-Komponente WBEU),Nicht zugewiesen,Integration test,2022-06-07T11:44:15.943Z,
3585,Fernmeldeaufklärungsanlagen – Anlage zur taktischen Meldung (Prüfung Software-Komponente WBEU),Nicht zugewiesen,Integration test,2022-06-07T11:44:16.037Z,
3586,Fernmeldeaufklärungsanlagen – Besondere Schnittstelle Anteil SIGINT zu FüWES,Nicht zugewiesen,Component Test,2022-06-07T11:44:16.131Z,
3588,Fernmeldeaufklärungsanlagen – Interne Schnittstellen,Nicht zugewiesen,System Test,2022-06-07T11:44:16.318Z,
3587,Fernmeldeaufklärungsanlagen – Besondere Schnittstelle ACINT Konfiguration,Nicht zugewiesen,Component Test,2022-06-07T11:44:16.224Z,
3589,Fernmeldeaufklärungsanlagen –Integrierter Funktionsnachweis,Nicht zugewiesen,Component Test,2022-06-07T11:44:16.396Z,
3590,Fernmeldeaufklärungsantennen –Installation und Integration Antennen,Nicht zugewiesen,Developer test,2022-06-07T11:44:16.506Z,
3591,ELO/UM – Anlagenprüfung,Nicht zugewiesen,Integration test,2022-06-07T11:44:16.599Z,
3592,ELO/UM – Installation Gesamtsystem,Nicht zugewiesen,Component Test,2022-06-07T11:44:16.693Z,
3593,ELO/UM – Schnittstellentests zum Einsatzsystem,Nicht zugewiesen,System Test,2022-06-07T11:44:16.771Z,
3594,Navigationssystem – Funktionsnachweis der klasserelevanten Teilanlagen,Nicht zugewiesen,Final Test,2022-06-07T11:44:16.865Z,
3595,Magnetkompassanlage – Komponentenprüfung der Anlage,Nicht zugewiesen,Component Test,2022-06-07T11:44:17.021Z,
3596,Magnetkompassanlage – Installation und Kompensation der Anlage,Nicht zugewiesen,Component Test,2022-06-07T11:44:17.131Z,
3597,Kreiselkompassanlage – Komponentenprüfung der Anlage,Nicht zugewiesen,Component Test,2022-06-07T11:44:17.224Z,
3598,Kreiselkompassanlage – Installation der Anlage,Nicht zugewiesen,System Test,2022-06-07T11:44:17.323Z,
3599,Elektromagnetisches Log – Komponentenprüfung der Anlage,Nicht zugewiesen,System Test,2022-06-07T11:44:17.417Z,
3600,Elektromagnetisches Log – Installation der Anlage,Nicht zugewiesen,Integration test,2022-06-07T11:44:17.512Z,
3601,Elektromagnetisches Log – Funktion und Geschwindigkeitsmessungen,Nicht zugewiesen,Integration test,2022-06-07T11:44:17.606Z,
3640,Geräte für Schiff und Schiffssicherung – Integration Rettungsinseln,Nicht zugewiesen,Integration test,2022-06-07T11:44:21.623Z,
3603,Schiffsuhrenanlage – Integration der Anlage,Nicht zugewiesen,Component Test,2022-06-07T11:44:17.778Z,
3602,Schiffsuhrenanlage – Komponentenprüfung der Anlage,Nicht zugewiesen,System Test,2022-06-07T11:44:17.699Z,
3604,Meteorologische Anlage – Komponentenprüfung Wettersattelitenempfangsanlage,Nicht zugewiesen,Component Test,2022-06-07T11:44:17.871Z,
3605,Meteorologische Anlage – Komponentenprüfung Wettersattelitenempfangsanlage,Nicht zugewiesen,Component Test,2022-06-07T11:44:17.981Z,
3606,Selbststeueranlage – Komponentenprüfung Autopilotsystem,Nicht zugewiesen,Developer test,2022-06-07T11:44:18.074Z,
3607,Selbststeueranlage – Integrationsprüfung Autopilotsystem,Nicht zugewiesen,Integration test,2022-06-07T11:44:18.168Z,
3608,Schiffsführungsanlage – Anlagenprüfung von Teilsystemen,Nicht zugewiesen,Component Test,2022-06-07T11:44:18.262Z,
3609,Schiffsführungsanlage – Integrationsprüfung von Teilsystemen,Nicht zugewiesen,System Test,2022-06-07T11:44:18.356Z,
3610,Schiffsführungsanlage – Navigationsdatenverteilung DDU zu FüES ELOKA,Nicht zugewiesen,Final Test,2022-06-07T11:44:18.466Z,
3611,Schiffsführungsanlage – Navigationsdatenverteilung DDU zu Systemen,Nicht zugewiesen,Component Test,2022-06-07T11:44:18.559Z,
3612,Betreuungsnetzwerk – Komponenten Infrastruktur,Nicht zugewiesen,Component Test,2022-06-07T11:44:18.653Z,
3613,Betreuungsnetzwerk – Integration und erster Funktionstest,Nicht zugewiesen,Component Test,2022-06-07T11:44:18.763Z,
3614,Feldstärkenmessungen am Oberdeck,Nicht zugewiesen,System Test,2022-06-07T11:44:18.856Z,
3615,Gefährungsfeldstärken Störpegel und Sicherheitsabstände,Nicht zugewiesen,System Test,2022-06-07T11:44:18.966Z,
3616,FüWES Datenübertragung –LINK1116 und 22 Systemtest Software,Nicht zugewiesen,Integration test,2022-06-07T11:44:19.153Z,
3617,FüWES Hardware – LINK1116 und 22 Komponentenprüfung Hardware,Nicht zugewiesen,Integration test,2022-06-07T11:44:19.278Z,
3618,FüWES Hardware – LINK1116 und 22 Integration Hardwarekomponenten,Nicht zugewiesen,Integration test,2022-06-07T11:44:19.388Z,
3619,FüWES Schnittstellen zur Schiffstechnik,Nicht zugewiesen,Component Test,2022-06-07T11:44:19.482Z,
3621,FüWES Schnittstellen zur WuF – Integration  Sicherheitsgateways,Nicht zugewiesen,System Test,2022-06-07T11:44:19.669Z,
3620,FüWES Schnittstellen zur WuF – Hardware Komponenten Sicherheitsgateways,Nicht zugewiesen,Component Test,2022-06-07T11:44:19.576Z,
3622,InfoSysUstgBw – Komponentenprüfung Hardware,Nicht zugewiesen,Component Test,2022-06-07T11:44:19.763Z,
3623,InfoSysUstgBw Komponentenprüfung Telemedizinische Arbeitseinrichtung,Nicht zugewiesen,Developer test,2022-06-07T11:44:19.872Z,
3624,InfoSysUstgBw Schnittstellenprüfung Telemedizin zum DKN,Nicht zugewiesen,Integration test,2022-06-07T11:44:19.966Z,
3625,InfoSysUstgBw Demonstration Telemedizinischer Dienst,Nicht zugewiesen,Component Test,2022-06-07T11:44:20.060Z,
3626,InfoSysUstgBw,Nicht zugewiesen,System Test,2022-06-07T11:44:20.169Z,
3627,Integriertes Bordnetz (IBN) – Komponentenprüfung Hardware,Nicht zugewiesen,Final Test,2022-06-07T11:44:20.263Z,
3628,Integriertes Bordnetz (IBN) – Installation Hardware,Nicht zugewiesen,Component Test,2022-06-07T11:44:20.357Z,
3641,Rettungsbojen,Nicht zugewiesen,Component Test,2022-06-07T11:44:21.717Z,
